"appln_id","year","Latitude","Longitude","county","state"
340488928,2012,43.5301,-72.9032,"RUTLAND","VT"
352686873,2012,43.8183,-72.5237,"WINDSOR","VT"
353046607,2012,44.4953,-73.0861,"CHITTENDEN","VT"
353319483,2012,44.4905,-73.1112,"CHITTENDEN","VT"
353319483,2012,44.4905,-73.1112,"CHITTENDEN","VT"
353319483,2012,44.4905,-73.1112,"CHITTENDEN","VT"
353319483,2012,44.4905,-73.1112,"CHITTENDEN","VT"
353319483,2012,44.4905,-73.1112,"CHITTENDEN","VT"
353319483,2012,44.4905,-73.1112,"CHITTENDEN","VT"
353319483,2012,44.4905,-73.1112,"CHITTENDEN","VT"
353466946,2012,44.4905,-73.1112,"CHITTENDEN","VT"
353466946,2012,44.4905,-73.1112,"CHITTENDEN","VT"
353467716,2012,44.467,-73.171,"CHITTENDEN","VT"
353467716,2012,44.4905,-73.1112,"CHITTENDEN","VT"
353467716,2012,44.467,-73.171,"CHITTENDEN","VT"
353467716,2012,44.4905,-73.1112,"CHITTENDEN","VT"
353470478,2012,44.4759,-73.2121,"CHITTENDEN","VT"
353620157,2012,44.4759,-73.2121,"CHITTENDEN","VT"
353625744,2012,44.4759,-73.2121,"CHITTENDEN","VT"
363733635,2012,44.4905,-73.1112,"CHITTENDEN","VT"
363737656,2012,44.4759,-73.2121,"CHITTENDEN","VT"
363982906,2012,44.4905,-73.1112,"CHITTENDEN","VT"
363983322,2012,44.4905,-73.1112,"CHITTENDEN","VT"
364117579,2012,44.8107,-73.0836,"FRANKLIN","VT"
364117579,2012,44.907,-72.8065,"FRANKLIN","VT"
364119215,2012,44.4759,-73.2121,"CHITTENDEN","VT"
364278007,2012,44.4505,-73.1622,"CHITTENDEN","VT"
364308407,2012,44.4759,-73.2121,"CHITTENDEN","VT"
364308513,2012,44.467,-73.171,"CHITTENDEN","VT"
364311024,2012,44.4759,-73.2121,"CHITTENDEN","VT"
364667896,2012,44.4759,-73.2121,"CHITTENDEN","VT"
364826808,2012,44.4759,-73.2121,"CHITTENDEN","VT"
364827967,2012,44.467,-73.171,"CHITTENDEN","VT"
364828669,2012,44.4759,-73.2121,"CHITTENDEN","VT"
364833100,2012,44.3806,-73.2276,"CHITTENDEN","VT"
364833100,2012,44.4759,-73.2121,"CHITTENDEN","VT"
364833105,2012,44.467,-73.171,"CHITTENDEN","VT"
365034460,2012,42.9857,-72.6559,"WINDHAM","VT"
365201136,2012,44.4905,-73.1112,"CHITTENDEN","VT"
365204057,2012,43.6106,-73.1798,"RUTLAND","VT"
365204456,2012,44.9181,-73.1243,"FRANKLIN","VT"
365204458,2012,44.4905,-73.1112,"CHITTENDEN","VT"
365390196,2012,44.4759,-73.2121,"CHITTENDEN","VT"
365391728,2012,44.4654,-72.6874,"LAMOILLE","VT"
365391728,2012,44.4905,-73.1112,"CHITTENDEN","VT"
365391728,2012,44.4905,-73.1112,"CHITTENDEN","VT"
365392270,2012,44.4759,-73.2121,"CHITTENDEN","VT"
365392660,2012,44.4759,-73.2121,"CHITTENDEN","VT"
365473932,2012,44.4759,-73.2121,"CHITTENDEN","VT"
365476128,2012,44.2601,-72.5754,"WASHINGTON","VT"
365477732,2012,44.0153,-73.1673,"ADDISON","VT"
365479058,2012,44.4759,-73.2121,"CHITTENDEN","VT"
365479215,2012,44.4759,-73.2121,"CHITTENDEN","VT"
365479445,2012,44.4759,-73.2121,"CHITTENDEN","VT"
365479842,2012,44.4759,-73.2121,"CHITTENDEN","VT"
365630653,2012,44.4759,-73.2121,"CHITTENDEN","VT"
365631680,2012,44.4759,-73.2121,"CHITTENDEN","VT"
365632257,2012,44.2601,-72.5754,"WASHINGTON","VT"
365632968,2012,44.4759,-73.2121,"CHITTENDEN","VT"
365649590,2012,44.4002,-72.7168,"WASHINGTON","VT"
365714057,2012,44.3946,-73.1941,"CHITTENDEN","VT"
365714057,2012,44.4505,-73.1622,"CHITTENDEN","VT"
365749307,2012,44.4759,-73.2121,"CHITTENDEN","VT"
365752186,2012,44.4905,-73.1112,"CHITTENDEN","VT"
365752196,2012,44.4905,-73.1112,"CHITTENDEN","VT"
365752908,2012,44.4759,-73.2121,"CHITTENDEN","VT"
365752929,2012,44.4759,-73.2121,"CHITTENDEN","VT"
365868129,2012,44.4759,-73.2121,"CHITTENDEN","VT"
365869787,2012,44.4905,-73.1112,"CHITTENDEN","VT"
365869787,2012,44.4759,-73.2121,"CHITTENDEN","VT"
374800753,2012,43.9199,-72.4783,"ORANGE","VT"
374979956,2012,44.0153,-73.1673,"ADDISON","VT"
375205272,2012,44.197,-72.5021,"WASHINGTON","VT"
375205272,2012,44.197,-72.5021,"WASHINGTON","VT"
375205301,2012,44.197,-72.5021,"WASHINGTON","VT"
375205945,2012,42.9304,-73.2426,"BENNINGTON","VT"
375207688,2012,44.4759,-73.2121,"CHITTENDEN","VT"
375299857,2012,42.7923,-73.2269,"BENNINGTON","VT"
375299892,2012,44.9181,-73.1243,"FRANKLIN","VT"
375301665,2012,43.1004,-72.7784,"WINDHAM","VT"
375390479,2012,44.5439,-73.1479,"CHITTENDEN","VT"
375633321,2012,44.0153,-73.1673,"ADDISON","VT"
375634235,2012,44.4759,-73.2121,"CHITTENDEN","VT"
375634235,2012,44.4905,-73.1112,"CHITTENDEN","VT"
375642649,2012,44.9181,-73.1243,"FRANKLIN","VT"
375826295,2012,44.4759,-73.2121,"CHITTENDEN","VT"
375830855,2012,43.6106,-72.9726,"RUTLAND","VT"
375831036,2012,43.1004,-72.7784,"WINDHAM","VT"
375832566,2012,44.4759,-73.2121,"CHITTENDEN","VT"
375979333,2012,44.4613,-73.2201,"CHITTENDEN","VT"
375980768,2012,44.4654,-72.6874,"LAMOILLE","VT"
375981654,2012,44.2601,-72.5754,"WASHINGTON","VT"
376109162,2012,44.272,-72.5881,"WASHINGTON","VT"
376346822,2012,44.4759,-73.2121,"CHITTENDEN","VT"
376348040,2012,44.4905,-73.1112,"CHITTENDEN","VT"
376348081,2012,44.467,-73.171,"CHITTENDEN","VT"
376348432,2012,44.4759,-73.2121,"CHITTENDEN","VT"
376348473,2012,44.9751,-73.3002,"GRAND ISLE","VT"
376348473,2012,44.4905,-73.1112,"CHITTENDEN","VT"
376351012,2012,44.4759,-73.2121,"CHITTENDEN","VT"
376509514,2012,43.6106,-72.9726,"RUTLAND","VT"
376509514,2012,43.6106,-72.9726,"RUTLAND","VT"
376510432,2012,44.4905,-73.1112,"CHITTENDEN","VT"
376512847,2012,43.1004,-72.7784,"WINDHAM","VT"
376646497,2012,44.4759,-73.2121,"CHITTENDEN","VT"
376649868,2012,44.4759,-73.2121,"CHITTENDEN","VT"
376650716,2012,44.4905,-73.1112,"CHITTENDEN","VT"
376650716,2012,44.4905,-73.1112,"CHITTENDEN","VT"
376742425,2012,44.4759,-73.2121,"CHITTENDEN","VT"
376847253,2012,44.4759,-73.2121,"CHITTENDEN","VT"
378213056,2012,44.4759,-73.2121,"CHITTENDEN","VT"
378214187,2012,44.4759,-73.2121,"CHITTENDEN","VT"
378214593,2012,44.197,-72.5021,"WASHINGTON","VT"
378214743,2012,44.4914,-73.1857,"CHITTENDEN","VT"
378214743,2012,44.4759,-73.2121,"CHITTENDEN","VT"
378214743,2012,44.4905,-73.1112,"CHITTENDEN","VT"
378216891,2012,44.4759,-73.2121,"CHITTENDEN","VT"
378326240,2012,44.4759,-73.2121,"CHITTENDEN","VT"
378333001,2012,44.5439,-73.1479,"CHITTENDEN","VT"
378333001,2012,44.4493,-73.1608,"CHITTENDEN","VT"
378333001,2012,44.5439,-73.1479,"CHITTENDEN","VT"
378333002,2012,44.5439,-73.1479,"CHITTENDEN","VT"
378333002,2012,44.5439,-73.1479,"CHITTENDEN","VT"
378333002,2012,44.4493,-73.1608,"CHITTENDEN","VT"
378589178,2012,44.5439,-73.1479,"CHITTENDEN","VT"
378589178,2012,44.4493,-73.1608,"CHITTENDEN","VT"
378589178,2012,44.5439,-73.1479,"CHITTENDEN","VT"
378601015,2012,44.4759,-73.2121,"CHITTENDEN","VT"
378601477,2012,44.467,-73.171,"CHITTENDEN","VT"
378601477,2012,44.9565,-73.0511,"FRANKLIN","VT"
378601477,2012,44.4905,-73.1112,"CHITTENDEN","VT"
378601477,2012,44.4759,-73.2121,"CHITTENDEN","VT"
378601477,2012,44.4905,-73.1112,"CHITTENDEN","VT"
378601477,2012,44.4914,-73.1857,"CHITTENDEN","VT"
378601777,2012,44.4759,-73.2121,"CHITTENDEN","VT"
378604090,2012,44.467,-73.171,"CHITTENDEN","VT"
378605284,2012,44.467,-73.171,"CHITTENDEN","VT"
378794567,2012,44.6439,-72.8293,"LAMOILLE","VT"
378798749,2012,44.4759,-73.2121,"CHITTENDEN","VT"
378798811,2012,43.6106,-72.9726,"RUTLAND","VT"
378799945,2012,43.6106,-72.9726,"RUTLAND","VT"
378799947,2012,43.6106,-72.9726,"RUTLAND","VT"
378804375,2012,44.4759,-73.2121,"CHITTENDEN","VT"
378805262,2012,44.4759,-73.2121,"CHITTENDEN","VT"
378958491,2012,44.9181,-73.1243,"FRANKLIN","VT"
378959875,2012,44.4759,-73.2121,"CHITTENDEN","VT"
379109937,2012,44.4759,-73.2121,"CHITTENDEN","VT"
379181369,2012,44.2273,-73.0573,"ADDISON","VT"
379185369,2012,44.4654,-72.6874,"LAMOILLE","VT"
379185369,2012,44.4654,-72.6874,"LAMOILLE","VT"
379198002,2012,44.907,-72.8065,"FRANKLIN","VT"
379198004,2012,44.5874,-72.8646,"LAMOILLE","VT"
379198004,2012,44.5439,-73.1479,"CHITTENDEN","VT"
379198390,2012,44.3098,-73.261,"CHITTENDEN","VT"
379369485,2012,44.4759,-73.2121,"CHITTENDEN","VT"
379370788,2012,42.9304,-73.2426,"BENNINGTON","VT"
379371165,2012,44.197,-72.5021,"WASHINGTON","VT"
379371198,2012,42.8509,-72.5579,"WINDHAM","VT"
379402776,2012,43.649,-72.3193,"WINDSOR","VT"
379403181,2012,44.4759,-73.2121,"CHITTENDEN","VT"
379403874,2012,44.4905,-73.1112,"CHITTENDEN","VT"
379404174,2012,43.1004,-72.7784,"WINDHAM","VT"
379404286,2012,44.4654,-72.6874,"LAMOILLE","VT"
379404286,2012,44.4654,-72.6874,"LAMOILLE","VT"
379404538,2012,44.4759,-73.2121,"CHITTENDEN","VT"
379405740,2012,44.4905,-73.1112,"CHITTENDEN","VT"
379407862,2012,44.0153,-73.1673,"ADDISON","VT"
379408316,2012,44.4759,-73.2121,"CHITTENDEN","VT"
379652601,2012,44.4905,-73.1112,"CHITTENDEN","VT"
379854934,2012,44.4905,-73.1112,"CHITTENDEN","VT"
379857699,2012,44.4759,-73.2121,"CHITTENDEN","VT"
379858383,2012,44.4759,-73.2121,"CHITTENDEN","VT"
379859837,2012,44.197,-72.5021,"WASHINGTON","VT"
379968762,2012,44.7054,-73.0107,"FRANKLIN","VT"
380226277,2012,44.4759,-73.2121,"CHITTENDEN","VT"
380227855,2012,44.4759,-73.2121,"CHITTENDEN","VT"
380228160,2012,44.4759,-73.2121,"CHITTENDEN","VT"
380228161,2012,44.4759,-73.2121,"CHITTENDEN","VT"
380413839,2012,44.4759,-73.2121,"CHITTENDEN","VT"
380414118,2012,44.4759,-73.2121,"CHITTENDEN","VT"
380414737,2012,44.4759,-73.2121,"CHITTENDEN","VT"
380414763,2012,42.9304,-73.2426,"BENNINGTON","VT"
380414885,2012,43.649,-72.3193,"WINDSOR","VT"
380415233,2012,44.4759,-73.2121,"CHITTENDEN","VT"
380635672,2012,44.8107,-73.0836,"FRANKLIN","VT"
380635727,2012,42.9304,-73.2426,"BENNINGTON","VT"
380636233,2012,44.4759,-73.2121,"CHITTENDEN","VT"
380638601,2012,43.1004,-72.7784,"WINDHAM","VT"
380654105,2012,44.504,-72.9977,"CHITTENDEN","VT"
380770506,2012,44.4759,-73.2121,"CHITTENDEN","VT"
380771745,2012,44.4759,-73.2121,"CHITTENDEN","VT"
380824629,2012,43.7527,-72.3093,"WINDSOR","VT"
381054019,2012,43.1379,-72.5098,"WINDHAM","VT"
381080524,2012,44.197,-72.5021,"WASHINGTON","VT"
381080707,2012,44.4759,-73.2121,"CHITTENDEN","VT"
381081280,2012,44.4759,-73.2121,"CHITTENDEN","VT"
381251342,2012,43.3466,-73.1773,"RUTLAND","VT"
381252387,2012,44.4759,-73.2121,"CHITTENDEN","VT"
381442887,2012,44.2056,-73.2462,"ADDISON","VT"
381442887,2012,44.2056,-73.2462,"ADDISON","VT"
381566922,2012,44.4759,-73.2121,"CHITTENDEN","VT"
381600359,2012,44.4759,-73.2121,"CHITTENDEN","VT"
381657214,2012,44.6621,-73.124,"CHITTENDEN","VT"
381657214,2012,44.6621,-73.124,"CHITTENDEN","VT"
404814646,2012,43.4012,-72.4063,"WINDSOR","VT"
404894179,2012,44.4759,-73.2121,"CHITTENDEN","VT"
404966808,2012,44.4759,-73.2121,"CHITTENDEN","VT"
404966808,2012,44.4759,-73.2121,"CHITTENDEN","VT"
405072746,2012,44.3769,-72.7189,"WASHINGTON","VT"
405072943,2012,44.4654,-72.6874,"LAMOILLE","VT"
405073875,2012,44.467,-73.171,"CHITTENDEN","VT"
405073875,2012,44.4759,-73.2121,"CHITTENDEN","VT"
405073875,2012,44.467,-73.171,"CHITTENDEN","VT"
405076716,2012,44.4759,-73.2121,"CHITTENDEN","VT"
405077365,2012,44.0153,-73.1673,"ADDISON","VT"
405102769,2012,44.5439,-73.1479,"CHITTENDEN","VT"
405236675,2012,44.4905,-73.1112,"CHITTENDEN","VT"
405236675,2012,44.3292,-73.1107,"CHITTENDEN","VT"
405239458,2012,44.4759,-73.2121,"CHITTENDEN","VT"
405239898,2012,44.4759,-73.2121,"CHITTENDEN","VT"
405240998,2012,44.467,-73.171,"CHITTENDEN","VT"
405240998,2012,44.467,-73.171,"CHITTENDEN","VT"
405240998,2012,44.4759,-73.2121,"CHITTENDEN","VT"
405384605,2012,44.4759,-73.2121,"CHITTENDEN","VT"
405384956,2012,44.3292,-73.1107,"CHITTENDEN","VT"
405386445,2012,42.9304,-73.2426,"BENNINGTON","VT"
405386680,2012,43.9199,-72.4783,"ORANGE","VT"
405673464,2012,43.3466,-73.1773,"RUTLAND","VT"
405675890,2012,43.6106,-72.9726,"RUTLAND","VT"
405680093,2012,44.4759,-73.2121,"CHITTENDEN","VT"
405816626,2012,44.3806,-73.2276,"CHITTENDEN","VT"
405818555,2012,44.467,-73.171,"CHITTENDEN","VT"
405978820,2012,44.4759,-73.2121,"CHITTENDEN","VT"
405979396,2012,42.8781,-73.1968,"BENNINGTON","VT"
405980393,2012,44.4759,-73.2121,"CHITTENDEN","VT"
405983483,2012,44.4759,-73.2121,"CHITTENDEN","VT"
405984376,2012,44.4759,-73.2121,"CHITTENDEN","VT"
405984521,2012,44.4759,-73.2121,"CHITTENDEN","VT"
405984540,2012,44.4759,-73.2121,"CHITTENDEN","VT"
405984913,2012,44.4759,-73.2121,"CHITTENDEN","VT"
406147176,2012,44.4759,-73.2121,"CHITTENDEN","VT"
406147591,2012,44.4759,-73.2121,"CHITTENDEN","VT"
406147908,2012,44.4759,-73.2121,"CHITTENDEN","VT"
406148530,2012,44.4759,-73.2121,"CHITTENDEN","VT"
406148788,2012,44.4759,-73.2121,"CHITTENDEN","VT"
406310977,2012,44.4759,-73.2121,"CHITTENDEN","VT"
406311722,2012,44.8107,-73.0836,"FRANKLIN","VT"
406314968,2012,44.4759,-73.2121,"CHITTENDEN","VT"
406316488,2012,44.9181,-73.1243,"FRANKLIN","VT"
406465256,2012,44.467,-73.171,"CHITTENDEN","VT"
406605216,2012,44.4759,-73.2121,"CHITTENDEN","VT"
406608427,2012,44.4654,-72.6874,"LAMOILLE","VT"
406608427,2012,44.4654,-72.6874,"LAMOILLE","VT"
406608427,2012,44.4905,-73.1112,"CHITTENDEN","VT"
406608427,2012,44.467,-73.171,"CHITTENDEN","VT"
406608802,2012,44.4759,-73.2121,"CHITTENDEN","VT"
406608802,2012,44.4759,-73.2121,"CHITTENDEN","VT"
406608990,2012,44.467,-73.171,"CHITTENDEN","VT"
406611425,2012,44.1926,-72.7798,"WASHINGTON","VT"
406615874,2012,44.504,-72.9977,"CHITTENDEN","VT"
406615874,2012,44.5439,-73.1479,"CHITTENDEN","VT"
406806298,2012,44.4759,-73.2121,"CHITTENDEN","VT"
406807773,2012,44.4759,-73.2121,"CHITTENDEN","VT"
406808109,2012,44.997,-72.6713,"FRANKLIN","VT"
406808281,2012,44.4759,-73.2121,"CHITTENDEN","VT"
406817755,2012,44.4758,-73.2121,"CHITTENDEN","VT"
406900346,2012,44.4759,-73.2121,"CHITTENDEN","VT"
406997649,2012,44.4759,-73.2121,"CHITTENDEN","VT"
407019911,2012,44.0989,-73.1509,"ADDISON","VT"
407020345,2012,44.4948,-73.1793,"CHITTENDEN","VT"
407020345,2012,44.5022,-73.2601,"CHITTENDEN","VT"
407077643,2012,44.4905,-73.1112,"CHITTENDEN","VT"
407077643,2012,44.6453,-73.3024,"GRAND ISLE","VT"
407077643,2012,44.467,-73.171,"CHITTENDEN","VT"
407077643,2012,44.4905,-73.1112,"CHITTENDEN","VT"
407125002,2012,43.649,-72.3193,"WINDSOR","VT"
407125866,2012,44.4759,-73.2121,"CHITTENDEN","VT"
407134957,2012,44.4759,-73.2121,"CHITTENDEN","VT"
407140723,2012,44.4759,-73.2121,"CHITTENDEN","VT"
407141122,2012,42.8503,-72.5573,"WINDHAM","VT"
407142569,2012,44.4759,-73.2121,"CHITTENDEN","VT"
407143401,2012,44.4759,-73.2121,"CHITTENDEN","VT"
407232168,2012,44.4759,-73.2121,"CHITTENDEN","VT"
407232168,2012,44.4759,-73.2121,"CHITTENDEN","VT"
407340975,2012,43.6106,-73.1798,"RUTLAND","VT"
407344302,2012,44.4654,-72.6874,"LAMOILLE","VT"
407344907,2012,44.4759,-73.2121,"CHITTENDEN","VT"
407345515,2012,43.6106,-73.1798,"RUTLAND","VT"
407346534,2012,44.4759,-73.2121,"CHITTENDEN","VT"
407347194,2012,44.4759,-73.2121,"CHITTENDEN","VT"
407422682,2012,44.4905,-73.1112,"CHITTENDEN","VT"
407422682,2012,44.4914,-73.1857,"CHITTENDEN","VT"
407422682,2012,44.4905,-73.1112,"CHITTENDEN","VT"
407422892,2012,44.4759,-73.2121,"CHITTENDEN","VT"
407529446,2012,44.0153,-73.1673,"ADDISON","VT"
407533471,2012,43.6106,-72.9726,"RUTLAND","VT"
407535484,2012,44.4759,-73.2121,"CHITTENDEN","VT"
407535484,2012,44.4759,-73.2121,"CHITTENDEN","VT"
407535484,2012,44.4759,-73.2121,"CHITTENDEN","VT"
407535484,2012,44.4759,-73.2121,"CHITTENDEN","VT"
407535484,2012,44.4759,-73.2121,"CHITTENDEN","VT"
407535484,2012,44.4759,-73.2121,"CHITTENDEN","VT"
407535484,2012,44.4759,-73.2121,"CHITTENDEN","VT"
407535484,2012,44.4759,-73.2121,"CHITTENDEN","VT"
407535759,2012,44.4759,-73.2121,"CHITTENDEN","VT"
407535759,2012,44.4759,-73.2121,"CHITTENDEN","VT"
407535759,2012,44.4759,-73.2121,"CHITTENDEN","VT"
407535759,2012,44.4759,-73.2121,"CHITTENDEN","VT"
407535759,2012,44.4759,-73.2121,"CHITTENDEN","VT"
407535759,2012,44.4759,-73.2121,"CHITTENDEN","VT"
407535759,2012,44.4759,-73.2121,"CHITTENDEN","VT"
407535759,2012,44.4759,-73.2121,"CHITTENDEN","VT"
407583138,2012,43.649,-72.3193,"WINDSOR","VT"
407683116,2012,44.4905,-73.1112,"CHITTENDEN","VT"
407683120,2012,44.467,-73.171,"CHITTENDEN","VT"
407683120,2012,44.4905,-73.1112,"CHITTENDEN","VT"
407683146,2012,44.4905,-73.1112,"CHITTENDEN","VT"
407683146,2012,44.3806,-73.2276,"CHITTENDEN","VT"
407684217,2012,44.4905,-73.1112,"CHITTENDEN","VT"
407684217,2012,44.3806,-73.2276,"CHITTENDEN","VT"
407684217,2012,44.4759,-73.2121,"CHITTENDEN","VT"
407691047,2012,44.4759,-73.2121,"CHITTENDEN","VT"
407691424,2012,44.4759,-73.2121,"CHITTENDEN","VT"
407693601,2012,44.4905,-73.1112,"CHITTENDEN","VT"
408617079,2012,44.4905,-73.1112,"CHITTENDEN","VT"
408617079,2012,44.4905,-73.1112,"CHITTENDEN","VT"
408618103,2012,44.4689,-72.9724,"CHITTENDEN","VT"
408618105,2012,44.4689,-72.9724,"CHITTENDEN","VT"
408618153,2012,44.4905,-73.1112,"CHITTENDEN","VT"
408618159,2012,44.4905,-73.1112,"CHITTENDEN","VT"
408618225,2012,44.467,-73.171,"CHITTENDEN","VT"
408618225,2012,44.467,-73.171,"CHITTENDEN","VT"
408619217,2012,44.4759,-73.2121,"CHITTENDEN","VT"
408619217,2012,44.3806,-73.2276,"CHITTENDEN","VT"
408621272,2012,44.4759,-73.2121,"CHITTENDEN","VT"
408621678,2012,44.4759,-73.2121,"CHITTENDEN","VT"
408621678,2012,44.4759,-73.2121,"CHITTENDEN","VT"
408621678,2012,44.4759,-73.2121,"CHITTENDEN","VT"
408621678,2012,44.4759,-73.2121,"CHITTENDEN","VT"
408622992,2012,44.4905,-73.1112,"CHITTENDEN","VT"
408625020,2012,44.4759,-73.2121,"CHITTENDEN","VT"
408625109,2012,44.4905,-73.1112,"CHITTENDEN","VT"
408626456,2012,44.467,-73.171,"CHITTENDEN","VT"
408629139,2012,42.9304,-73.2426,"BENNINGTON","VT"
408670882,2012,44.4905,-73.1112,"CHITTENDEN","VT"
408670882,2012,44.4905,-73.1112,"CHITTENDEN","VT"
408849867,2012,44.4759,-73.2121,"CHITTENDEN","VT"
408851201,2012,44.4905,-73.1112,"CHITTENDEN","VT"
408851267,2012,44.4759,-73.2121,"CHITTENDEN","VT"
408851267,2012,44.3806,-73.2276,"CHITTENDEN","VT"
408851267,2012,44.4905,-73.1112,"CHITTENDEN","VT"
408851920,2012,44.4759,-73.2121,"CHITTENDEN","VT"
408852340,2012,44.4905,-73.1112,"CHITTENDEN","VT"
408852340,2012,44.467,-73.171,"CHITTENDEN","VT"
408858292,2012,44.4759,-73.2121,"CHITTENDEN","VT"
408859885,2012,44.4905,-73.1112,"CHITTENDEN","VT"
408859885,2012,44.467,-73.171,"CHITTENDEN","VT"
408859885,2012,44.4905,-73.1112,"CHITTENDEN","VT"
408926255,2012,44.3292,-73.1107,"CHITTENDEN","VT"
408926255,2012,44.4759,-73.2121,"CHITTENDEN","VT"
408926719,2012,44.467,-73.171,"CHITTENDEN","VT"
408951532,2012,44.4759,-73.2121,"CHITTENDEN","VT"
408951532,2012,44.467,-73.171,"CHITTENDEN","VT"
408953305,2012,44.4905,-73.1112,"CHITTENDEN","VT"
408954187,2012,44.467,-73.171,"CHITTENDEN","VT"
408954187,2012,44.4905,-73.1112,"CHITTENDEN","VT"
408954187,2012,44.4905,-73.1112,"CHITTENDEN","VT"
408954187,2012,44.4905,-73.1112,"CHITTENDEN","VT"
408954197,2012,44.4905,-73.1112,"CHITTENDEN","VT"
408954281,2012,44.3806,-73.2276,"CHITTENDEN","VT"
408954281,2012,44.4759,-73.2121,"CHITTENDEN","VT"
408954281,2012,44.4905,-73.1112,"CHITTENDEN","VT"
408955231,2012,44.4905,-73.1112,"CHITTENDEN","VT"
408955231,2012,44.3806,-73.2276,"CHITTENDEN","VT"
408955231,2012,44.4759,-73.2121,"CHITTENDEN","VT"
408955611,2012,44.4759,-73.2121,"CHITTENDEN","VT"
408955661,2012,44.4759,-73.2121,"CHITTENDEN","VT"
408955799,2012,42.8781,-73.1968,"BENNINGTON","VT"
408955799,2012,42.8781,-73.1968,"BENNINGTON","VT"
408955799,2012,42.8781,-73.1968,"BENNINGTON","VT"
408957956,2012,44.4759,-73.2121,"CHITTENDEN","VT"
408961916,2012,44.4759,-73.2121,"CHITTENDEN","VT"
409209027,2012,44.3292,-73.1107,"CHITTENDEN","VT"
409209431,2012,44.4759,-73.2121,"CHITTENDEN","VT"
409209705,2012,44.4905,-73.1112,"CHITTENDEN","VT"
409209866,2012,44.4905,-73.1112,"CHITTENDEN","VT"
409209866,2012,44.4759,-73.2121,"CHITTENDEN","VT"
409209928,2012,44.4759,-73.2121,"CHITTENDEN","VT"
409210068,2012,44.4759,-73.2121,"CHITTENDEN","VT"
409210068,2012,44.4905,-73.1112,"CHITTENDEN","VT"
409210867,2012,44.4759,-73.2121,"CHITTENDEN","VT"
409211085,2012,43.1004,-72.7784,"WINDHAM","VT"
409211636,2012,44.4905,-73.1112,"CHITTENDEN","VT"
409215806,2012,44.3806,-73.2276,"CHITTENDEN","VT"
409215806,2012,44.4905,-73.1112,"CHITTENDEN","VT"
409215806,2012,44.3806,-73.2276,"CHITTENDEN","VT"
409216751,2012,44.0153,-73.1673,"ADDISON","VT"
409219020,2012,44.4759,-73.2121,"CHITTENDEN","VT"
409219232,2012,44.4759,-73.2121,"CHITTENDEN","VT"
409417693,2012,42.8781,-73.1968,"BENNINGTON","VT"
409417843,2012,44.467,-73.171,"CHITTENDEN","VT"
409417843,2012,44.4905,-73.1112,"CHITTENDEN","VT"
409417843,2012,44.3292,-73.1107,"CHITTENDEN","VT"
409417843,2012,44.4759,-73.2121,"CHITTENDEN","VT"
409420474,2012,44.4905,-73.1112,"CHITTENDEN","VT"
409420717,2012,44.4759,-73.2121,"CHITTENDEN","VT"
409420717,2012,44.4905,-73.1112,"CHITTENDEN","VT"
409420847,2012,44.4905,-73.1112,"CHITTENDEN","VT"
409421665,2012,44.467,-73.171,"CHITTENDEN","VT"
409421665,2012,44.467,-73.171,"CHITTENDEN","VT"
409424955,2012,44.4759,-73.2121,"CHITTENDEN","VT"
409427517,2012,44.8107,-73.0836,"FRANKLIN","VT"
409430329,2012,44.467,-73.171,"CHITTENDEN","VT"
409566736,2012,44.0153,-73.1673,"ADDISON","VT"
409569110,2012,44.4905,-73.1112,"CHITTENDEN","VT"
409569110,2012,44.467,-73.171,"CHITTENDEN","VT"
409569110,2012,44.4759,-73.2121,"CHITTENDEN","VT"
409569180,2012,44.4905,-73.1112,"CHITTENDEN","VT"
409577952,2012,44.4905,-73.1112,"CHITTENDEN","VT"
409577952,2012,44.4905,-73.1112,"CHITTENDEN","VT"
409577952,2012,44.4905,-73.1112,"CHITTENDEN","VT"
409704362,2012,44.4759,-73.2121,"CHITTENDEN","VT"
409706205,2012,44.4905,-73.1112,"CHITTENDEN","VT"
409707392,2012,44.4759,-73.2121,"CHITTENDEN","VT"
409707392,2012,44.4905,-73.1112,"CHITTENDEN","VT"
409707392,2012,44.3806,-73.2276,"CHITTENDEN","VT"
409708708,2012,44.4905,-73.1112,"CHITTENDEN","VT"
409708708,2012,44.4905,-73.1112,"CHITTENDEN","VT"
409708708,2012,44.4905,-73.1112,"CHITTENDEN","VT"
409708714,2012,44.2601,-72.5754,"WASHINGTON","VT"
409711134,2012,44.4905,-73.1112,"CHITTENDEN","VT"
409716321,2012,44.4759,-73.2121,"CHITTENDEN","VT"
409830370,2012,42.8781,-73.1968,"BENNINGTON","VT"
409834132,2012,44.4905,-73.1112,"CHITTENDEN","VT"
409836407,2012,44.4905,-73.1112,"CHITTENDEN","VT"
409843038,2012,44.467,-73.171,"CHITTENDEN","VT"
409843038,2012,44.4905,-73.1112,"CHITTENDEN","VT"
409843110,2012,44.3292,-73.1107,"CHITTENDEN","VT"
409843110,2012,44.4905,-73.1112,"CHITTENDEN","VT"
409843388,2012,44.4759,-73.2121,"CHITTENDEN","VT"
409849379,2012,44.4759,-73.2121,"CHITTENDEN","VT"
409849379,2012,44.4759,-73.2121,"CHITTENDEN","VT"
409849379,2012,44.4759,-73.2121,"CHITTENDEN","VT"
410024123,2012,44.3292,-73.1107,"CHITTENDEN","VT"
410024956,2012,44.4905,-73.1112,"CHITTENDEN","VT"
410027682,2012,44.467,-73.171,"CHITTENDEN","VT"
410029521,2012,43.1004,-72.7784,"WINDHAM","VT"
410255755,2012,44.4759,-73.2121,"CHITTENDEN","VT"
410255755,2012,44.3292,-73.1107,"CHITTENDEN","VT"
410255757,2012,44.4759,-73.2121,"CHITTENDEN","VT"
410255757,2012,44.3292,-73.1107,"CHITTENDEN","VT"
410256619,2012,44.4905,-73.1112,"CHITTENDEN","VT"
410264572,2012,44.4759,-73.2121,"CHITTENDEN","VT"
410265160,2012,44.467,-73.171,"CHITTENDEN","VT"
410326839,2012,42.8781,-73.1968,"BENNINGTON","VT"
410326976,2012,44.4759,-73.2121,"CHITTENDEN","VT"
410326976,2012,44.4905,-73.1112,"CHITTENDEN","VT"
410326976,2012,44.4905,-73.1112,"CHITTENDEN","VT"
410327585,2012,44.4905,-73.1112,"CHITTENDEN","VT"
410327585,2012,44.3292,-73.1107,"CHITTENDEN","VT"
410457586,2012,44.4905,-73.1112,"CHITTENDEN","VT"
410457586,2012,44.4759,-73.2121,"CHITTENDEN","VT"
410457586,2012,44.4905,-73.1112,"CHITTENDEN","VT"
410460824,2012,44.4905,-73.1112,"CHITTENDEN","VT"
410464150,2012,44.4914,-73.1857,"CHITTENDEN","VT"
410558187,2012,44.4905,-73.1112,"CHITTENDEN","VT"
410558187,2012,44.4905,-73.1112,"CHITTENDEN","VT"
410558187,2012,44.4905,-73.1112,"CHITTENDEN","VT"
410673207,2012,44.0153,-73.1673,"ADDISON","VT"
410674425,2012,44.4905,-73.1112,"CHITTENDEN","VT"
410674425,2012,44.4905,-73.1112,"CHITTENDEN","VT"
410674425,2012,44.4905,-73.1112,"CHITTENDEN","VT"
410674425,2012,44.9751,-73.3002,"GRAND ISLE","VT"
410675330,2012,44.4759,-73.2121,"CHITTENDEN","VT"
410676248,2012,44.197,-72.5021,"WASHINGTON","VT"
410676248,2012,44.4759,-73.2121,"CHITTENDEN","VT"
410676414,2012,44.4905,-73.1112,"CHITTENDEN","VT"
410677309,2012,44.467,-73.171,"CHITTENDEN","VT"
410677309,2012,44.4905,-73.1112,"CHITTENDEN","VT"
410682002,2012,44.4905,-73.1112,"CHITTENDEN","VT"
410682002,2012,44.4905,-73.1112,"CHITTENDEN","VT"
410799103,2012,44.0153,-73.1673,"ADDISON","VT"
410845424,2012,44.3292,-73.1107,"CHITTENDEN","VT"
410845424,2012,44.4905,-73.1112,"CHITTENDEN","VT"
410845426,2012,44.4905,-73.1112,"CHITTENDEN","VT"
410845426,2012,44.3292,-73.1107,"CHITTENDEN","VT"
410845444,2012,44.4905,-73.1112,"CHITTENDEN","VT"
410845444,2012,44.4905,-73.1112,"CHITTENDEN","VT"
410845577,2012,44.3806,-73.2276,"CHITTENDEN","VT"
410845595,2012,44.4905,-73.1112,"CHITTENDEN","VT"
410845595,2012,44.3292,-73.1107,"CHITTENDEN","VT"
410845595,2012,44.3292,-73.1107,"CHITTENDEN","VT"
410845595,2012,44.4905,-73.1112,"CHITTENDEN","VT"
410845595,2012,44.4905,-73.1112,"CHITTENDEN","VT"
410846340,2012,44.0153,-73.1673,"ADDISON","VT"
410847155,2012,44.4905,-73.1112,"CHITTENDEN","VT"
410847155,2012,44.4759,-73.2121,"CHITTENDEN","VT"
410848955,2012,44.4905,-73.1112,"CHITTENDEN","VT"
410848955,2012,44.3292,-73.1107,"CHITTENDEN","VT"
410850827,2012,44.4905,-73.1112,"CHITTENDEN","VT"
410850827,2012,44.467,-73.171,"CHITTENDEN","VT"
410852193,2012,44.4905,-73.1112,"CHITTENDEN","VT"
410852193,2012,44.4905,-73.1112,"CHITTENDEN","VT"
410852193,2012,44.4905,-73.1112,"CHITTENDEN","VT"
410852193,2012,44.4905,-73.1112,"CHITTENDEN","VT"
410856925,2012,44.467,-73.171,"CHITTENDEN","VT"
411076962,2012,44.4759,-73.2121,"CHITTENDEN","VT"
411078555,2012,44.3292,-73.1107,"CHITTENDEN","VT"
411079462,2012,44.467,-73.171,"CHITTENDEN","VT"
411087026,2012,44.4905,-73.1112,"CHITTENDEN","VT"
411087026,2012,44.4905,-73.1112,"CHITTENDEN","VT"
411242669,2012,44.4759,-73.2121,"CHITTENDEN","VT"
411242669,2012,44.3292,-73.1107,"CHITTENDEN","VT"
411242669,2012,44.4905,-73.1112,"CHITTENDEN","VT"
411243036,2012,44.3806,-73.2276,"CHITTENDEN","VT"
411243803,2012,44.4759,-73.2121,"CHITTENDEN","VT"
411243972,2012,44.4905,-73.1112,"CHITTENDEN","VT"
411252153,2012,44.4905,-73.1112,"CHITTENDEN","VT"
411252153,2012,44.4905,-73.1112,"CHITTENDEN","VT"
411252153,2012,44.4905,-73.1112,"CHITTENDEN","VT"
411252153,2012,44.4905,-73.1112,"CHITTENDEN","VT"
411252525,2012,44.4905,-73.1112,"CHITTENDEN","VT"
411259828,2012,44.4905,-73.1112,"CHITTENDEN","VT"
411259828,2012,44.4905,-73.1112,"CHITTENDEN","VT"
411259828,2012,44.4905,-73.1112,"CHITTENDEN","VT"
411259828,2012,44.4905,-73.1112,"CHITTENDEN","VT"
411570650,2012,44.4905,-73.1112,"CHITTENDEN","VT"
411570879,2012,44.4905,-73.1112,"CHITTENDEN","VT"
411570879,2012,44.4905,-73.1112,"CHITTENDEN","VT"
411570879,2012,44.4905,-73.1112,"CHITTENDEN","VT"
411570879,2012,44.4905,-73.1112,"CHITTENDEN","VT"
411570981,2012,44.4759,-73.2121,"CHITTENDEN","VT"
411570981,2012,44.4905,-73.1112,"CHITTENDEN","VT"
411570981,2012,44.467,-73.171,"CHITTENDEN","VT"
411582009,2012,44.4759,-73.2121,"CHITTENDEN","VT"
411582011,2012,44.4759,-73.2121,"CHITTENDEN","VT"
411582017,2012,44.4759,-73.2121,"CHITTENDEN","VT"
411582021,2012,44.4759,-73.2121,"CHITTENDEN","VT"
411582065,2012,44.4759,-73.2121,"CHITTENDEN","VT"
411582067,2012,44.4759,-73.2121,"CHITTENDEN","VT"
411945103,2012,44.4759,-73.2121,"CHITTENDEN","VT"
411946747,2012,44.4905,-73.1112,"CHITTENDEN","VT"
411946747,2012,44.3292,-73.1107,"CHITTENDEN","VT"
411946946,2012,44.4905,-73.1112,"CHITTENDEN","VT"
411946946,2012,44.3292,-73.1107,"CHITTENDEN","VT"
411946946,2012,44.4905,-73.1112,"CHITTENDEN","VT"
411947026,2012,44.467,-73.171,"CHITTENDEN","VT"
411947026,2012,44.467,-73.171,"CHITTENDEN","VT"
411947432,2012,44.0153,-73.1673,"ADDISON","VT"
411956286,2012,44.4905,-73.1112,"CHITTENDEN","VT"
411958744,2012,44.4759,-73.2121,"CHITTENDEN","VT"
412046163,2012,44.4905,-73.1112,"CHITTENDEN","VT"
412046163,2012,44.3292,-73.1107,"CHITTENDEN","VT"
412164395,2012,44.467,-73.171,"CHITTENDEN","VT"
412164395,2012,44.467,-73.171,"CHITTENDEN","VT"
412166703,2012,44.4905,-73.1112,"CHITTENDEN","VT"
412166703,2012,44.4905,-73.1112,"CHITTENDEN","VT"
412166703,2012,44.4905,-73.1112,"CHITTENDEN","VT"
412166703,2012,44.3292,-73.1107,"CHITTENDEN","VT"
412173130,2012,44.4905,-73.1112,"CHITTENDEN","VT"
412351108,2012,44.4759,-73.2121,"CHITTENDEN","VT"
412351271,2012,43.6106,-72.9726,"RUTLAND","VT"
412353605,2012,44.0153,-73.1673,"ADDISON","VT"
412353625,2012,43.517,-73.2362,"RUTLAND","VT"
412354188,2012,44.467,-73.171,"CHITTENDEN","VT"
412354287,2012,44.4759,-73.2121,"CHITTENDEN","VT"
412354393,2012,44.9181,-73.1243,"FRANKLIN","VT"
412355226,2012,44.467,-73.171,"CHITTENDEN","VT"
412358207,2012,44.4759,-73.2121,"CHITTENDEN","VT"
412361394,2012,43.9199,-72.4783,"ORANGE","VT"
412363755,2012,44.467,-73.171,"CHITTENDEN","VT"
412364408,2012,44.4759,-73.2121,"CHITTENDEN","VT"
412364640,2012,43.9407,-72.6071,"ORANGE","VT"
412511561,2012,44.4905,-73.1112,"CHITTENDEN","VT"
412511662,2012,44.4905,-73.1112,"CHITTENDEN","VT"
412511664,2012,44.4905,-73.1112,"CHITTENDEN","VT"
412511926,2012,44.4759,-73.2121,"CHITTENDEN","VT"
412512094,2012,44.4654,-72.6874,"LAMOILLE","VT"
412512212,2012,44.0153,-73.1673,"ADDISON","VT"
412519725,2012,44.467,-73.171,"CHITTENDEN","VT"
412582777,2012,44.4905,-73.1112,"CHITTENDEN","VT"
412740937,2012,44.4905,-73.1112,"CHITTENDEN","VT"
412741729,2012,44.4905,-73.1112,"CHITTENDEN","VT"
412743112,2012,44.4905,-73.1112,"CHITTENDEN","VT"
412743505,2012,44.7845,-72.8585,"FRANKLIN","VT"
413016874,2012,44.4759,-73.2121,"CHITTENDEN","VT"
413016874,2012,44.4759,-73.2121,"CHITTENDEN","VT"
413019740,2012,44.4905,-73.1112,"CHITTENDEN","VT"
413019890,2012,44.4914,-73.1857,"CHITTENDEN","VT"
413019957,2012,44.4905,-73.1112,"CHITTENDEN","VT"
413019957,2012,44.3292,-73.1107,"CHITTENDEN","VT"
413019985,2012,44.4759,-73.2121,"CHITTENDEN","VT"
413019985,2012,44.4905,-73.1112,"CHITTENDEN","VT"
413020891,2012,44.4905,-73.1112,"CHITTENDEN","VT"
413020901,2012,42.7923,-73.2269,"BENNINGTON","VT"
413021836,2012,44.4759,-73.2121,"CHITTENDEN","VT"
413024256,2012,44.4759,-73.2121,"CHITTENDEN","VT"
413024366,2012,42.8509,-72.5579,"WINDHAM","VT"
413029058,2012,44.467,-73.171,"CHITTENDEN","VT"
413029058,2012,44.4905,-73.1112,"CHITTENDEN","VT"
413029058,2012,44.3292,-73.1107,"CHITTENDEN","VT"
413030749,2012,44.467,-73.171,"CHITTENDEN","VT"
413115541,2012,43.973,-72.3395,"ORANGE","VT"
413115663,2012,44.4759,-73.2121,"CHITTENDEN","VT"
413234691,2012,44.4905,-73.1112,"CHITTENDEN","VT"
413234797,2012,44.467,-73.171,"CHITTENDEN","VT"
413234877,2012,44.4905,-73.1112,"CHITTENDEN","VT"
413235734,2012,44.4905,-73.1112,"CHITTENDEN","VT"
413236998,2012,44.2601,-72.5754,"WASHINGTON","VT"
413238666,2012,43.6106,-72.9726,"RUTLAND","VT"
413240267,2012,44.4905,-73.1112,"CHITTENDEN","VT"
413240530,2012,44.8107,-73.0836,"FRANKLIN","VT"
413242240,2012,44.4759,-73.2121,"CHITTENDEN","VT"
413391770,2012,44.4905,-73.1112,"CHITTENDEN","VT"
413392544,2012,44.3292,-73.1107,"CHITTENDEN","VT"
413392544,2012,44.4905,-73.1112,"CHITTENDEN","VT"
413392839,2012,44.3292,-73.1107,"CHITTENDEN","VT"
413392841,2012,44.3292,-73.1107,"CHITTENDEN","VT"
413394724,2012,44.467,-73.171,"CHITTENDEN","VT"
413394724,2012,44.2056,-73.2462,"ADDISON","VT"
413394724,2012,44.4759,-73.2121,"CHITTENDEN","VT"
413394724,2012,44.3806,-73.2276,"CHITTENDEN","VT"
413397728,2012,44.4905,-73.1112,"CHITTENDEN","VT"
413397728,2012,44.467,-73.171,"CHITTENDEN","VT"
413553166,2012,44.467,-73.171,"CHITTENDEN","VT"
413553166,2012,44.4905,-73.1112,"CHITTENDEN","VT"
413560734,2012,44.0153,-73.1673,"ADDISON","VT"
413582723,2012,44.4759,-73.2121,"CHITTENDEN","VT"
413585734,2012,43.9407,-72.6071,"ORANGE","VT"
413585776,2012,43.9407,-72.6071,"ORANGE","VT"
413591379,2012,44.467,-73.171,"CHITTENDEN","VT"
413591399,2012,44.4759,-73.2121,"CHITTENDEN","VT"
413591399,2012,44.3806,-73.2276,"CHITTENDEN","VT"
413764336,2012,44.4905,-73.1112,"CHITTENDEN","VT"
413764336,2012,44.4905,-73.1112,"CHITTENDEN","VT"
413811771,2012,43.6106,-72.9726,"RUTLAND","VT"
413899031,2012,44.0153,-73.1673,"ADDISON","VT"
413904772,2012,44.8107,-73.0836,"FRANKLIN","VT"
413904774,2012,44.8107,-73.0836,"FRANKLIN","VT"
414082002,2012,44.0153,-73.1673,"ADDISON","VT"
414084601,2012,44.4905,-73.1112,"CHITTENDEN","VT"
414084601,2012,44.3292,-73.1107,"CHITTENDEN","VT"
414089986,2012,44.467,-73.171,"CHITTENDEN","VT"
414092896,2012,44.467,-73.171,"CHITTENDEN","VT"
414093367,2012,44.4759,-73.2121,"CHITTENDEN","VT"
414132752,2012,44.4759,-73.2121,"CHITTENDEN","VT"
414250939,2012,44.4759,-73.2121,"CHITTENDEN","VT"
414252892,2012,44.4905,-73.1112,"CHITTENDEN","VT"
414252892,2012,44.4905,-73.1112,"CHITTENDEN","VT"
414253045,2012,44.467,-73.171,"CHITTENDEN","VT"
414253045,2012,44.4905,-73.1112,"CHITTENDEN","VT"
414253122,2012,44.4905,-73.1112,"CHITTENDEN","VT"
414253122,2012,44.4905,-73.1112,"CHITTENDEN","VT"
414253148,2012,44.3292,-73.1107,"CHITTENDEN","VT"
414253161,2012,44.3292,-73.1107,"CHITTENDEN","VT"
414253163,2012,44.3292,-73.1107,"CHITTENDEN","VT"
414253181,2012,44.467,-73.171,"CHITTENDEN","VT"
414253181,2012,44.467,-73.171,"CHITTENDEN","VT"
414253193,2012,44.467,-73.171,"CHITTENDEN","VT"
414256486,2012,44.4759,-73.2121,"CHITTENDEN","VT"
414258191,2012,44.4905,-73.1112,"CHITTENDEN","VT"
414258191,2012,44.4905,-73.1112,"CHITTENDEN","VT"
414261651,2012,44.9181,-73.1243,"FRANKLIN","VT"
414261803,2012,44.4905,-73.1112,"CHITTENDEN","VT"
414339559,2012,44.4759,-73.2121,"CHITTENDEN","VT"
414345445,2012,44.4905,-73.1112,"CHITTENDEN","VT"
414529839,2012,44.4759,-73.2121,"CHITTENDEN","VT"
414532831,2012,44.4905,-73.1112,"CHITTENDEN","VT"
414532843,2012,44.4905,-73.1112,"CHITTENDEN","VT"
414533711,2012,44.4905,-73.1112,"CHITTENDEN","VT"
414533711,2012,44.4905,-73.1112,"CHITTENDEN","VT"
414533711,2012,44.467,-73.171,"CHITTENDEN","VT"
414533711,2012,44.6453,-73.3024,"GRAND ISLE","VT"
414536946,2012,44.4759,-73.2121,"CHITTENDEN","VT"
414542931,2012,43.6106,-73.1798,"RUTLAND","VT"
414543033,2012,44.4759,-73.2121,"CHITTENDEN","VT"
414543033,2012,44.4759,-73.2121,"CHITTENDEN","VT"
414543160,2012,44.467,-73.171,"CHITTENDEN","VT"
414543160,2012,44.467,-73.171,"CHITTENDEN","VT"
414561056,2012,42.8503,-72.5573,"WINDHAM","VT"
414775453,2012,44.4759,-73.2121,"CHITTENDEN","VT"
414776083,2012,44.467,-73.171,"CHITTENDEN","VT"
414776083,2012,44.4905,-73.1112,"CHITTENDEN","VT"
414776239,2012,44.4905,-73.1112,"CHITTENDEN","VT"
414781974,2012,44.4759,-73.2121,"CHITTENDEN","VT"
414784089,2012,44.4759,-73.2121,"CHITTENDEN","VT"
414784095,2012,44.4759,-73.2121,"CHITTENDEN","VT"
414785032,2012,44.4905,-73.1112,"CHITTENDEN","VT"
414785032,2012,44.9565,-73.0511,"FRANKLIN","VT"
414787029,2012,44.467,-73.171,"CHITTENDEN","VT"
414850694,2012,44.467,-73.171,"CHITTENDEN","VT"
414989528,2012,44.4759,-73.2121,"CHITTENDEN","VT"
414991666,2012,43.1004,-72.7784,"WINDHAM","VT"
414992445,2012,44.4905,-73.1112,"CHITTENDEN","VT"
414992445,2012,44.4905,-73.1112,"CHITTENDEN","VT"
414992445,2012,44.4759,-73.2121,"CHITTENDEN","VT"
414992513,2012,44.4905,-73.1112,"CHITTENDEN","VT"
414992513,2012,44.4905,-73.1112,"CHITTENDEN","VT"
414993988,2012,44.4759,-73.2121,"CHITTENDEN","VT"
414994768,2012,44.4905,-73.1112,"CHITTENDEN","VT"
414995104,2012,44.4905,-73.1112,"CHITTENDEN","VT"
415000072,2012,44.3292,-73.1107,"CHITTENDEN","VT"
415000072,2012,44.4905,-73.1112,"CHITTENDEN","VT"
415185294,2012,44.4759,-73.2121,"CHITTENDEN","VT"
415186972,2012,44.197,-72.5021,"WASHINGTON","VT"
415186972,2012,44.467,-73.171,"CHITTENDEN","VT"
415188529,2012,43.9407,-72.6071,"ORANGE","VT"
415189063,2012,44.4759,-73.2121,"CHITTENDEN","VT"
415191179,2012,44.4759,-73.2121,"CHITTENDEN","VT"
415195056,2012,44.0153,-73.1673,"ADDISON","VT"
415425886,2012,44.4759,-73.2121,"CHITTENDEN","VT"
415425886,2012,44.4905,-73.1112,"CHITTENDEN","VT"
415425886,2012,44.4905,-73.1112,"CHITTENDEN","VT"
415680955,2012,44.2273,-73.0573,"ADDISON","VT"
415684377,2012,44.4905,-73.1112,"CHITTENDEN","VT"
415684383,2012,44.4759,-73.2121,"CHITTENDEN","VT"
415684383,2012,44.3292,-73.1107,"CHITTENDEN","VT"
415684960,2012,44.4759,-73.2121,"CHITTENDEN","VT"
415685546,2012,44.4905,-73.1112,"CHITTENDEN","VT"
415688439,2012,44.4905,-73.1112,"CHITTENDEN","VT"
415694861,2012,44.4905,-73.1112,"CHITTENDEN","VT"
415694861,2012,44.4905,-73.1112,"CHITTENDEN","VT"
415694861,2012,44.4905,-73.1112,"CHITTENDEN","VT"
415695705,2012,44.1673,-73.254,"ADDISON","VT"
415695725,2012,44.4905,-73.1112,"CHITTENDEN","VT"
415695831,2012,44.1673,-73.254,"ADDISON","VT"
415696783,2012,44.4905,-73.1112,"CHITTENDEN","VT"
415696783,2012,44.4905,-73.1112,"CHITTENDEN","VT"
415696783,2012,44.4905,-73.1112,"CHITTENDEN","VT"
415905156,2012,44.4759,-73.2121,"CHITTENDEN","VT"
415905158,2012,44.4759,-73.2121,"CHITTENDEN","VT"
415905379,2012,44.4759,-73.2121,"CHITTENDEN","VT"
415905805,2012,44.4905,-73.1112,"CHITTENDEN","VT"
415906042,2012,44.4759,-73.2121,"CHITTENDEN","VT"
415908018,2012,44.4759,-73.2121,"CHITTENDEN","VT"
415910605,2012,44.4759,-73.2121,"CHITTENDEN","VT"
415913962,2012,44.4905,-73.1112,"CHITTENDEN","VT"
415913962,2012,44.3292,-73.1107,"CHITTENDEN","VT"
415913962,2012,44.6453,-73.3024,"GRAND ISLE","VT"
416167254,2012,44.2056,-73.2462,"ADDISON","VT"
416169495,2012,44.4905,-73.1112,"CHITTENDEN","VT"
416169495,2012,44.4905,-73.1112,"CHITTENDEN","VT"
416169707,2012,44.3292,-73.1107,"CHITTENDEN","VT"
416169707,2012,44.4759,-73.2121,"CHITTENDEN","VT"
416169927,2012,44.4759,-73.2121,"CHITTENDEN","VT"
416170987,2012,43.9407,-72.6071,"ORANGE","VT"
416173322,2012,44.467,-73.171,"CHITTENDEN","VT"
416180055,2012,43.9407,-72.6071,"ORANGE","VT"
416282342,2012,44.9181,-73.1243,"FRANKLIN","VT"
416282411,2012,44.3292,-73.1107,"CHITTENDEN","VT"
416282411,2012,44.4759,-73.2121,"CHITTENDEN","VT"
416424715,2012,44.7481,-72.1763,"ORLEANS","VT"
416425256,2012,44.4759,-73.2121,"CHITTENDEN","VT"
416425256,2012,44.4759,-73.2121,"CHITTENDEN","VT"
416426492,2012,44.4905,-73.1112,"CHITTENDEN","VT"
416426492,2012,44.2595,-73.2112,"ADDISON","VT"
416426626,2012,44.4905,-73.1112,"CHITTENDEN","VT"
416426692,2012,44.3292,-73.1107,"CHITTENDEN","VT"
416426692,2012,44.4759,-73.2121,"CHITTENDEN","VT"
416427674,2012,44.4905,-73.1112,"CHITTENDEN","VT"
416427674,2012,44.3292,-73.1107,"CHITTENDEN","VT"
416427674,2012,44.467,-73.171,"CHITTENDEN","VT"
416432848,2012,44.4905,-73.1112,"CHITTENDEN","VT"
416435614,2012,44.9565,-73.0511,"FRANKLIN","VT"
416435614,2012,44.4905,-73.1112,"CHITTENDEN","VT"
416435624,2012,43.9407,-72.6071,"ORANGE","VT"
416478019,2012,44.4759,-73.2121,"CHITTENDEN","VT"
416523806,2012,44.4759,-73.2121,"CHITTENDEN","VT"
416664910,2012,44.4905,-73.1112,"CHITTENDEN","VT"
416665130,2012,44.4759,-73.2121,"CHITTENDEN","VT"
416879341,2012,44.4759,-73.2121,"CHITTENDEN","VT"
416881325,2012,44.467,-73.171,"CHITTENDEN","VT"
416881325,2012,44.4905,-73.1112,"CHITTENDEN","VT"
416882155,2012,44.4905,-73.1112,"CHITTENDEN","VT"
416882159,2012,44.4905,-73.1112,"CHITTENDEN","VT"
416882159,2012,44.467,-73.171,"CHITTENDEN","VT"
416882270,2012,44.4905,-73.1112,"CHITTENDEN","VT"
416884840,2012,44.4759,-73.2121,"CHITTENDEN","VT"
416887940,2012,44.4905,-73.1112,"CHITTENDEN","VT"
416887940,2012,44.4905,-73.1112,"CHITTENDEN","VT"
417064542,2012,44.4905,-73.1112,"CHITTENDEN","VT"
417071354,2012,42.9857,-72.6559,"WINDHAM","VT"
417073179,2012,44.4905,-73.1112,"CHITTENDEN","VT"
417073179,2012,44.3292,-73.1107,"CHITTENDEN","VT"
417073179,2012,44.4905,-73.1112,"CHITTENDEN","VT"
417073179,2012,44.4759,-73.2121,"CHITTENDEN","VT"
417073179,2012,44.4905,-73.1112,"CHITTENDEN","VT"
417074818,2012,44.4759,-73.2121,"CHITTENDEN","VT"
417132918,2012,42.8781,-73.1968,"BENNINGTON","VT"
417135752,2012,44.4905,-73.1112,"CHITTENDEN","VT"
417135756,2012,44.4905,-73.1112,"CHITTENDEN","VT"
417135756,2012,44.4759,-73.2121,"CHITTENDEN","VT"
417135856,2012,44.4905,-73.1112,"CHITTENDEN","VT"
417135864,2012,44.4905,-73.1112,"CHITTENDEN","VT"
417144010,2012,44.4759,-73.2121,"CHITTENDEN","VT"
417144684,2012,44.4905,-73.1112,"CHITTENDEN","VT"
417379587,2012,44.4905,-73.1112,"CHITTENDEN","VT"
417379653,2012,44.4905,-73.1112,"CHITTENDEN","VT"
417379732,2012,44.4905,-73.1112,"CHITTENDEN","VT"
417379732,2012,44.467,-73.171,"CHITTENDEN","VT"
417379732,2012,44.4759,-73.2121,"CHITTENDEN","VT"
417379817,2012,44.4759,-73.2121,"CHITTENDEN","VT"
417379817,2012,44.3292,-73.1107,"CHITTENDEN","VT"
417381501,2012,44.4759,-73.2121,"CHITTENDEN","VT"
417384453,2012,42.7923,-73.2269,"BENNINGTON","VT"
417389790,2012,43.1004,-72.7784,"WINDHAM","VT"
417390398,2012,44.4905,-73.1112,"CHITTENDEN","VT"
417390711,2012,44.3292,-73.1107,"CHITTENDEN","VT"
417390717,2012,44.3292,-73.1107,"CHITTENDEN","VT"
417390721,2012,44.3292,-73.1107,"CHITTENDEN","VT"
417612386,2012,44.467,-73.171,"CHITTENDEN","VT"
417612386,2012,44.4905,-73.1112,"CHITTENDEN","VT"
417618244,2012,44.4759,-73.2121,"CHITTENDEN","VT"
417622127,2012,44.467,-73.171,"CHITTENDEN","VT"
417622127,2012,44.4905,-73.1112,"CHITTENDEN","VT"
417622127,2012,44.4905,-73.1112,"CHITTENDEN","VT"
417942328,2012,44.3806,-73.2276,"CHITTENDEN","VT"
417942328,2012,44.2601,-72.5754,"WASHINGTON","VT"
417942328,2012,44.4905,-73.1112,"CHITTENDEN","VT"
417942328,2012,44.4905,-73.1112,"CHITTENDEN","VT"
417942482,2012,44.4905,-73.1112,"CHITTENDEN","VT"
417942482,2012,44.467,-73.171,"CHITTENDEN","VT"
417943292,2012,44.4905,-73.1112,"CHITTENDEN","VT"
417943292,2012,44.6453,-73.3024,"GRAND ISLE","VT"
417943292,2012,44.467,-73.171,"CHITTENDEN","VT"
417943292,2012,44.4905,-73.1112,"CHITTENDEN","VT"
417950843,2012,44.4759,-73.2121,"CHITTENDEN","VT"
417950909,2012,44.4759,-73.2121,"CHITTENDEN","VT"
418160758,2012,44.467,-73.171,"CHITTENDEN","VT"
418160758,2012,44.4914,-73.1857,"CHITTENDEN","VT"
418161645,2012,44.4905,-73.1112,"CHITTENDEN","VT"
418170146,2012,44.3806,-73.2276,"CHITTENDEN","VT"
418170398,2012,44.4905,-73.1112,"CHITTENDEN","VT"
418170398,2012,44.4905,-73.1112,"CHITTENDEN","VT"
418170398,2012,44.4905,-73.1112,"CHITTENDEN","VT"
418442362,2012,44.197,-72.5021,"WASHINGTON","VT"
418442362,2012,44.3292,-73.1107,"CHITTENDEN","VT"
418442362,2012,44.4759,-73.2121,"CHITTENDEN","VT"
418442434,2012,44.4759,-73.2121,"CHITTENDEN","VT"
418445311,2012,42.7923,-73.2269,"BENNINGTON","VT"
418447797,2012,44.4905,-73.1112,"CHITTENDEN","VT"
418447797,2012,44.467,-73.171,"CHITTENDEN","VT"
418448691,2012,44.4759,-73.2121,"CHITTENDEN","VT"
418448691,2012,44.3292,-73.1107,"CHITTENDEN","VT"
418450109,2012,44.5076,-72.8996,"CHITTENDEN","VT"
418450111,2012,44.5076,-72.8996,"CHITTENDEN","VT"
418450119,2012,44.5076,-72.8996,"CHITTENDEN","VT"
418640530,2012,44.4759,-73.2121,"CHITTENDEN","VT"
418642724,2012,44.4905,-73.1112,"CHITTENDEN","VT"
418642724,2012,44.4905,-73.1112,"CHITTENDEN","VT"
418642835,2012,44.3292,-73.1107,"CHITTENDEN","VT"
418642835,2012,44.4905,-73.1112,"CHITTENDEN","VT"
418642835,2012,44.4905,-73.1112,"CHITTENDEN","VT"
418642835,2012,44.3292,-73.1107,"CHITTENDEN","VT"
418642919,2012,44.4905,-73.1112,"CHITTENDEN","VT"
418642919,2012,44.4759,-73.2121,"CHITTENDEN","VT"
418643167,2012,44.2601,-72.5754,"WASHINGTON","VT"
418644361,2012,44.467,-73.171,"CHITTENDEN","VT"
418652937,2012,44.4905,-73.1112,"CHITTENDEN","VT"
418653212,2012,44.4759,-73.2121,"CHITTENDEN","VT"
418653526,2012,44.4905,-73.1112,"CHITTENDEN","VT"
418653528,2012,44.4905,-73.1112,"CHITTENDEN","VT"
418653530,2012,44.4905,-73.1112,"CHITTENDEN","VT"
418872095,2012,44.3292,-73.1107,"CHITTENDEN","VT"
418876222,2012,43.6106,-72.9726,"RUTLAND","VT"
418880601,2012,44.4759,-73.2121,"CHITTENDEN","VT"
418880650,2012,44.4759,-73.2121,"CHITTENDEN","VT"
418881091,2012,44.4759,-73.2121,"CHITTENDEN","VT"
418881091,2012,44.4759,-73.2121,"CHITTENDEN","VT"
418881091,2012,44.4759,-73.2121,"CHITTENDEN","VT"
418881450,2012,44.4759,-73.2121,"CHITTENDEN","VT"
418882125,2012,44.4905,-73.1112,"CHITTENDEN","VT"
418882227,2012,44.4905,-73.1112,"CHITTENDEN","VT"
418882728,2012,44.4905,-73.1112,"CHITTENDEN","VT"
419180330,2012,44.4905,-73.1112,"CHITTENDEN","VT"
419180330,2012,44.3806,-73.2276,"CHITTENDEN","VT"
419181791,2012,44.3292,-73.1107,"CHITTENDEN","VT"
419182975,2012,44.467,-73.171,"CHITTENDEN","VT"
419182975,2012,44.4759,-73.2121,"CHITTENDEN","VT"
419183179,2012,43.6106,-72.9726,"RUTLAND","VT"
419183827,2012,44.4759,-73.2121,"CHITTENDEN","VT"
419183911,2012,44.4759,-73.2121,"CHITTENDEN","VT"
419187195,2012,42.7923,-73.2269,"BENNINGTON","VT"
419192239,2012,42.7923,-73.2269,"BENNINGTON","VT"
419193136,2012,44.4759,-73.2121,"CHITTENDEN","VT"
419194338,2012,44.4759,-73.2121,"CHITTENDEN","VT"
419292373,2012,44.0153,-73.1673,"ADDISON","VT"
419632605,2012,44.4759,-73.2121,"CHITTENDEN","VT"
419634721,2012,44.4759,-73.2121,"CHITTENDEN","VT"
419637647,2012,44.4759,-73.2121,"CHITTENDEN","VT"
419732996,2012,44.4759,-73.2121,"CHITTENDEN","VT"
420446523,2012,44.4759,-73.2121,"CHITTENDEN","VT"
421148424,2012,44.4759,-73.2121,"CHITTENDEN","VT"
422075664,2012,43.1004,-72.7784,"WINDHAM","VT"
422487224,2012,44.4759,-73.2121,"CHITTENDEN","VT"
423078266,2012,43.6106,-72.9726,"RUTLAND","VT"
424915264,2012,43.6106,-72.9726,"RUTLAND","VT"
424915286,2012,44.4759,-73.2121,"CHITTENDEN","VT"
426116075,2012,43.6343,-72.9891,"RUTLAND","VT"
426283375,2012,44.8107,-73.0836,"FRANKLIN","VT"
437152617,2012,43.649,-72.3193,"WINDSOR","VT"
438808811,2012,44.4759,-73.2121,"CHITTENDEN","VT"
440706436,2012,43.6106,-72.9726,"RUTLAND","VT"
445080799,2012,44.4759,-73.2121,"CHITTENDEN","VT"
445787972,2012,42.8781,-73.1968,"BENNINGTON","VT"
447053294,2012,43.3466,-73.1773,"RUTLAND","VT"
447053547,2012,44.4759,-73.2121,"CHITTENDEN","VT"
451817471,2012,44.4759,-73.2121,"CHITTENDEN","VT"
458646491,2012,44.4374,-73.108,"CHITTENDEN","VT"
470055324,2012,44.4759,-73.2121,"CHITTENDEN","VT"
470604964,2012,44.4759,-73.2121,"CHITTENDEN","VT"
471200322,2012,44.4759,-73.2121,"CHITTENDEN","VT"
480746577,2012,44.4759,-73.2121,"CHITTENDEN","VT"
487516437,2012,44.4759,-73.2121,"CHITTENDEN","VT"
499910234,2012,44.4759,-73.2121,"CHITTENDEN","VT"
